{
  "http://shex.io/extensions/Map/#BPDAM-family": {
    "value": "Walker"
  },
  "http://shex.io/extensions/Map/#BPDAM-given": {
    "value": "Alice"
  },
  "http://shex.io/extensions/Map/#BPDAM-sysVal": {
    "value": "110",
    "type": "http://www.w3.org/2001/XMLSchema#float"
  },
  "http://shex.io/extensions/Map/#BPDAM-sysUnits": {
    "value": "mmHg"
  },
  "http://shex.io/extensions/Map/#BPDAM-diaVal": {
    "value": "70",
    "type": "http://www.w3.org/2001/XMLSchema#float"
  },
  "http://shex.io/extensions/Map/#BPDAM-diaUnits": {
    "value": "mmHg"
  }
}
